{
  "regression": {
    "mean_r2": 0.5043024462364158,
    "std_r2": 0.00773381927488988,
    "ci_95": [
      0.4947011807457757,
      0.5139037117270561
    ],
    "se": 0.0034586691248703807
  },
  "classification": {
    "mean_accuracy": 0.8824519782258216,
    "std_accuracy": 0.0029647564044075142,
    "ci_95": [
      0.8787713370908246,
      0.8861326193608186
    ],
    "se": 0.0013258793713966117
  }
}