{
  "fold_results": [
    {
      "fold": 1,
      "train_accuracy": 0.8815079694122354,
      "test_accuracy": 0.882418642371192,
      "macro_precision": 0.8754204471544179,
      "macro_recall": 0.8781809012367569,
      "macro_f1": 0.8767985014934656,
      "class_metrics": {
        "Atacante": {
          "precision": 0.8052456507652272,
          "recall": 0.8195458498655234,
          "f1": 0.8182674458338505
        },
        "Defensa": {
          "precision": 0.8671432121481153,
          "recall": 0.8587807844474223,
          "f1": 0.8673112237231582
        },
        "Medio": {
          "precision": 0.91095836009364,
          "recall": 0.9038407477149626,
          "f1": 0.9031804407393504
        },
        "Portero": {
          "precision": 0.9152908311250271,
          "recall": 0.9020228130736742,
          "f1": 0.9106157377025066
        }
      },
      "n_train": 47664,
      "n_test": 11944
    },
    {
      "fold": 2,
      "train_accuracy": 0.8819134769392929,
      "test_accuracy": 0.8828028445971604,
      "macro_precision": 0.8763166458023894,
      "macro_recall": 0.8746031409532153,
      "macro_f1": 0.8754590549330917,
      "class_metrics": {
        "Atacante": {
          "precision": 0.8631038885826945,
          "recall": 0.8821385974134742,
          "f1": 0.8699131840267339
        },
        "Defensa": {
          "precision": 0.8665398922493965,
          "recall": 0.8673018349661453,
          "f1": 0.8708231704710276
        },
        "Medio": {
          "precision": 0.8950827711433329,
          "recall": 0.8955556566156521,
          "f1": 0.8914283304996922
        },
        "Portero": {
          "precision": 0.9098001610320329,
          "recall": 0.884319534859482,
          "f1": 0.8883836850233282
        }
      },
      "n_train": 47664,
      "n_test": 11944
    },
    {
      "fold": 3,
      "train_accuracy": 0.8826390263021985,
      "test_accuracy": 0.8775168835182362,
      "macro_precision": 0.8699808012085382,
      "macro_recall": 0.8740327726891197,
      "macro_f1": 0.8720020798544791,
      "class_metrics": {
        "Atacante": {
          "precision": 0.8601820913552075,
          "recall": 0.8603388439679204,
          "f1": 0.8685836561248328
        },
        "Defensa": {
          "precision": 0.8989524052012545,
          "recall": 0.896951406172272,
          "f1": 0.8915198634892201
        },
        "Medio": {
          "precision": 0.8543584018664854,
          "recall": 0.8532036467272255,
          "f1": 0.8520367886358182
        },
        "Portero": {
          "precision": 0.8872770255358314,
          "recall": 0.8807986932440963,
          "f1": 0.8785627377563495
        }
      },
      "n_train": 47664,
      "n_test": 11944
    },
    {
      "fold": 4,
      "train_accuracy": 0.8870457852908823,
      "test_accuracy": 0.8846638212710968,
      "macro_precision": 0.8758202988658567,
      "macro_recall": 0.879188974174451,
      "macro_f1": 0.8775014034964004,
      "class_metrics": {
        "Atacante": {
          "precision": 0.8305900167371574,
          "recall": 0.8290830023578024,
          "f1": 0.8337867289007304
        },
        "Defensa": {
          "precision": 0.8555836455368333,
          "recall": 0.8732844811614441,
          "f1": 0.8583350680491001
        },
        "Medio": {
          "precision": 0.8612092535715179,
          "recall": 0.8346977723094451,
          "f1": 0.8515264700256031
        },
        "Portero": {
          "precision": 0.8690823832478771,
          "recall": 0.8733170759104198,
          "f1": 0.8674548525968271
        }
      },
      "n_train": 47664,
      "n_test": 11944
    },
    {
      "fold": 5,
      "train_accuracy": 0.8906746261194375,
      "test_accuracy": 0.8848576993714226,
      "macro_precision": 0.8734627990824287,
      "macro_recall": 0.8750082922007643,
      "macro_f1": 0.8742348626022856,
      "class_metrics": {
        "Atacante": {
          "precision": 0.898061095791184,
          "recall": 0.8872172758066209,
          "f1": 0.8999741390400001
        },
        "Defensa": {
          "precision": 0.8310417233221651,
          "recall": 0.8452078536227188,
          "f1": 0.8402362461821812
        },
        "Medio": {
          "precision": 0.8854124882250802,
          "recall": 0.8742351082210372,
          "f1": 0.8785076346844025
        },
        "Portero": {
          "precision": 0.8852469572742603,
          "recall": 0.8758975879373846,
          "f1": 0.8789910533345869
        }
      },
      "n_train": 47664,
      "n_test": 11944
    }
  ],
  "aggregated": {
    "mean_test_accuracy": 0.8824519782258216,
    "std_test_accuracy": 0.0026517587427932234,
    "mean_macro_f1": 0.8751991804759445,
    "std_macro_f1": 0.001953302569071774,
    "mean_macro_precision": 0.8742001984227261,
    "std_macro_precision": 0.0023212131553168092,
    "mean_macro_recall": 0.8762028162508614,
    "std_macro_recall": 0.002074844436581102,
    "min_test_accuracy": 0.8775168835182362,
    "max_test_accuracy": 0.8848576993714226
  },
  "class_aggregated": {
    "Atacante": {
      "mean_precision": 0.851436548646294,
      "std_precision": 0.03147899831515867,
      "mean_recall": 0.8556647138822683,
      "std_recall": 0.02731094246159072,
      "mean_f1": 0.8581050307852294,
      "std_f1": 0.02891597924793938
    },
    "Defensa": {
      "mean_precision": 0.8638521756915528,
      "std_precision": 0.021885955444032285,
      "mean_recall": 0.8683052720740004,
      "std_recall": 0.01714996799766404,
      "mean_f1": 0.8656451143829373,
      "std_f1": 0.016722070369091888
    },
    "Medio": {
      "mean_precision": 0.8814042549800114,
      "std_precision": 0.02105197909827961,
      "mean_recall": 0.8723065863176644,
      "std_recall": 0.025760384288997726,
      "mean_f1": 0.8753359329169733,
      "std_f1": 0.020756118208093956
    },
    "Portero": {
      "mean_precision": 0.8933394716430059,
      "std_precision": 0.016990967349099263,
      "mean_recall": 0.8832711410050115,
      "std_recall": 0.01012215421462929,
      "mean_f1": 0.8848016132827196,
      "std_f1": 0.014510661863286036
    }
  },
  "elapsed_time": 0.0,
  "cv_coefficient": 0.0030049892891901163
}