fold,train_rmse,train_mae,train_r2,test_rmse,test_mae,test_r2,n_train,n_test
1,4.702384333267532,3.620835936616,0.5174217648792747,4.453431341086954,3.429142132636955,0.5087055233300672,147182,36796
2,4.551567456219357,3.5047069412889047,0.5136861001234397,4.414102030993681,3.3988585638651347,0.49065950518280105,147182,36796
3,4.682851599552061,3.605795731655087,0.518195445553613,4.481472367886992,3.4507337232729838,0.5061333774319975,147182,36796
4,4.486401471754598,3.4545291332510404,0.5157241137579482,4.778515138068234,3.67945665631254,0.5067960322725215,147182,36796
5,4.583525457982236,3.5293146026463216,0.5181897595122796,4.46559656689868,3.4385093565119833,0.5092177929646917,147182,36796
