{
  "fold_results": [
    {
      "fold": 1,
      "train_accuracy": 0.7300923852656311,
      "test_accuracy": 0.731189393648663,
      "macro_precision": 0.7241911984318888,
      "macro_recall": 0.7269516525142278,
      "macro_f1": 0.725568799919435,
      "class_metrics": {
        "Defensa_Central": {
          "precision": 0.6540159491911967,
          "recall": 0.6683161482914928,
          "f1": 0.6670377442598199
        },
        "Delantero": {
          "precision": 0.7159135105740847,
          "recall": 0.7075510828733917,
          "f1": 0.7160815221491276
        },
        "Extremo": {
          "precision": 0.7597286585196094,
          "recall": 0.752611046140932,
          "f1": 0.7519507391653198
        },
        "Lateral": {
          "precision": 0.7640611295509965,
          "recall": 0.7507931114996436,
          "f1": 0.759386036128476
        },
        "Mediocentro": {
          "precision": 0.7270424974336199,
          "recall": 0.7454158264549827,
          "f1": 0.73663132344191
        },
        "Pivote": {
          "precision": 0.7222223989543949,
          "recall": 0.717261727145808,
          "f1": 0.7240710225898475
        },
        "Portero": {
          "precision": 0.7606997452589679,
          "recall": 0.7579617618580248,
          "f1": 0.7622450400796559
        }
      },
      "n_train": 47664,
      "n_test": 11944
    },
    {
      "fold": 2,
      "train_accuracy": 0.7379538517246004,
      "test_accuracy": 0.727248289867207,
      "macro_precision": 0.7187100661246634,
      "macro_recall": 0.720899220313591,
      "macro_f1": 0.7198029787410954,
      "class_metrics": {
        "Defensa_Central": {
          "precision": 0.7541440848400366,
          "recall": 0.7286634586674857,
          "f1": 0.7327276088313319
        },
        "Delantero": {
          "precision": 0.6962979695864706,
          "recall": 0.7105954910947043,
          "f1": 0.7044356968689494
        },
        "Extremo": {
          "precision": 0.7525326729461734,
          "recall": 0.7452705827530969,
          "f1": 0.7536721475227222
        },
        "Lateral": {
          "precision": 0.7015744701486053,
          "recall": 0.7025010839823927,
          "f1": 0.6950685422703583
        },
        "Mediocentro": {
          "precision": 0.7294425097173644,
          "recall": 0.7384192200209184,
          "f1": 0.7360976067902513
        },
        "Pivote": {
          "precision": 0.7254904389826075,
          "recall": 0.7320178407947993,
          "f1": 0.7233035530153173
        },
        "Portero": {
          "precision": 0.7332999808350549,
          "recall": 0.7271866358992248,
          "f1": 0.726510845204336
        }
      },
      "n_train": 47664,
      "n_test": 11944
    },
    {
      "fold": 3,
      "train_accuracy": 0.7384487469260262,
      "test_accuracy": 0.7310958075622763,
      "macro_precision": 0.7152671842828536,
      "macro_recall": 0.7218171226968471,
      "macro_f1": 0.7185272268453177,
      "class_metrics": {
        "Defensa_Central": {
          "precision": 0.6980272687341004,
          "recall": 0.701664624704267,
          "f1": 0.7044160472165338
        },
        "Delantero": {
          "precision": 0.7547171550254171,
          "recall": 0.7730582497282643,
          "f1": 0.7633754661823495
        },
        "Extremo": {
          "precision": 0.6646922833969857,
          "recall": 0.6696686643478935,
          "f1": 0.6680411336968435
        },
        "Lateral": {
          "precision": 0.7432261625840246,
          "recall": 0.7440473691380953,
          "f1": 0.7361138967860961
        },
        "Mediocentro": {
          "precision": 0.7034419567512188,
          "recall": 0.7166452334904361,
          "f1": 0.7080654746778645
        },
        "Pivote": {
          "precision": 0.70003123386549,
          "recall": 0.7014552249588345,
          "f1": 0.7127880970988693
        },
        "Portero": {
          "precision": 0.695915265705807,
          "recall": 0.692367915625975,
          "f1": 0.6909436582652694
        }
      },
      "n_train": 47664,
      "n_test": 11944
    },
    {
      "fold": 4,
      "train_accuracy": 0.7331560425651509,
      "test_accuracy": 0.733504003294543,
      "macro_precision": 0.7241381620588498,
      "macro_recall": 0.7280063648704124,
      "macro_f1": 0.7260671114316504,
      "class_metrics": {
        "Defensa_Central": {
          "precision": 0.7213544676156174,
          "recall": 0.7101674558293767,
          "f1": 0.7167867152400432
        },
        "Delantero": {
          "precision": 0.711358117094715,
          "recall": 0.7032170995788078,
          "f1": 0.7151754960346982
        },
        "Extremo": {
          "precision": 0.7359822624531905,
          "recall": 0.7408012270424947,
          "f1": 0.7406762858552178
        },
        "Lateral": {
          "precision": 0.7449548229591271,
          "recall": 0.7471433622885555,
          "f1": 0.7404895111988277
        },
        "Mediocentro": {
          "precision": 0.7188795637759261,
          "recall": 0.7223153647873036,
          "f1": 0.7231125468963676
        },
        "Pivote": {
          "precision": 0.6609759536886787,
          "recall": 0.6622200822893655,
          "f1": 0.6754470784129095
        },
        "Portero": {
          "precision": 0.7001474488708402,
          "recall": 0.6870949160500053,
          "f1": 0.6961497066036059
        }
      },
      "n_train": 47664,
      "n_test": 11944
    },
    {
      "fold": 5,
      "train_accuracy": 0.7417884472857639,
      "test_accuracy": 0.7270921158459,
      "macro_precision": 0.7156670599616544,
      "macro_recall": 0.7220421781197683,
      "macro_f1": 0.7188404847044862,
      "class_metrics": {
        "Defensa_Central": {
          "precision": 0.6887775787255137,
          "recall": 0.6813317337550842,
          "f1": 0.69083195430419
        },
        "Delantero": {
          "precision": 0.7170725738020433,
          "recall": 0.6913962881955459,
          "f1": 0.7086694924274693
        },
        "Extremo": {
          "precision": 0.7342505500341847,
          "recall": 0.7259316944538939,
          "f1": 0.7318731940108619
        },
        "Lateral": {
          "precision": 0.6761800441499713,
          "recall": 0.6701638219821946,
          "f1": 0.6754587490728327
        },
        "Mediocentro": {
          "precision": 0.7260392925003617,
          "recall": 0.7418385599583365,
          "f1": 0.7258207710451273
        },
        "Pivote": {
          "precision": 0.7014248409540769,
          "recall": 0.7134525722298586,
          "f1": 0.7116598158802955
        },
        "Portero": {
          "precision": 0.7390322609760436,
          "recall": 0.733791497682785,
          "f1": 0.7254403852236392
        }
      },
      "n_train": 47664,
      "n_test": 11944
    }
  ],
  "aggregated": {
    "mean_test_accuracy": 0.7300259220437179,
    "std_test_accuracy": 0.0024866776912184927,
    "mean_macro_f1": 0.7217613203283969,
    "std_macro_f1": 0.0033425284152205485,
    "mean_macro_precision": 0.719594734171982,
    "std_macro_precision": 0.00391681429110658,
    "mean_macro_recall": 0.7239433077029693,
    "std_macro_recall": 0.002931211232780375,
    "min_test_accuracy": 0.7270921158459,
    "max_test_accuracy": 0.733504003294543
  },
  "class_aggregated": {
    "Defensa_Central": {
      "mean_precision": 0.703263869821293,
      "std_precision": 0.03340268946044886,
      "mean_recall": 0.6980286842495413,
      "std_recall": 0.021263500139764156,
      "mean_f1": 0.7023600139703838,
      "std_f1": 0.02242813722557046
    },
    "Delantero": {
      "mean_precision": 0.7190718652165462,
      "std_precision": 0.019301353776472224,
      "mean_recall": 0.7171636422941428,
      "std_recall": 0.02869916946520874,
      "mean_f1": 0.7215475347325188,
      "std_f1": 0.021348138039556448
    },