{
  "regression": {
    "mean_r2": 0.5043024462364158,
    "std_r2": 0.00773381927488988,
    "ci_95": [
      0.4947011807457757,
      0.5139037117270561
    ],
    "se": 0.0034586691248703807
  },
  "classification": {
    "mean_accuracy": 0.7300259220437179,
    "std_accuracy": 0.0027801901778483906,
    "ci_95": [
      0.7265744134083066,
      0.7334774306791291
    ],
    "se": 0.0012433388456092461
  }
}