{
  "metrics": {
    "accuracy": 0.7293610911701364,
    "macro_precision": 0.734144438479505,
    "macro_recall": 0.7293610911701364,
    "macro_f1": 0.7287036795593037,
    "macro_auc": 0.789351839779652,
    "confusion_matrix": [
      [
        620,
        0,
        1,
        159,
        8,
        204,
        3
      ],
      [
        0,
        869,
        66,
        0,
        52,
        5,
        3
      ],
      [
        12,
        112,
        610,
        158,
        89,
        7,
        7
      ],
      [
        163,
        0,
        18,
        731,
        25,
        46,
        12
      ],
      [
        27,
        71,
        73,
        32,
        625,
        162,
        5
      ],
      [
        214,
        0,
        2,
        88,
        53,
        634,
        4
      ],
      [
        1,
        0,
        2,
        0,
        0,
        1,
        991
      ]
    ],
    "by_class": {
      "Defensa_Central": {
        "precision": 0.5978784956605593,
        "recall": 0.6231155778894473,
        "f1": 0.610236220472441,
        "auc_roc": 0.7301181102362204,
        "support": 995
      },
      "Delantero": {
        "precision": 0.8260456273764258,
        "recall": 0.8733668341708543,
        "f1": 0.8490473864191499,
        "auc_roc": 0.8495236932095749,
        "support": 995
      },
      "Extremo": {
        "precision": 0.7901554404145078,
        "recall": 0.6130653266331658,
        "f1": 0.690435766836446,
        "auc_roc": 0.770217883418223,
        "support": 995
      },
      "Lateral": {
        "precision": 0.6258561643835616,
        "recall": 0.7346733668341708,
        "f1": 0.6759130836800739,
        "auc_roc": 0.7629565418400369,
        "support": 995
      },
      "Mediocentro": {
        "precision": 0.7335680751173709,
        "recall": 0.628140703517588,
        "f1": 0.676773145641581,
        "auc_roc": 0.7633865728207905,
        "support": 995
      },
      "Pivote": {
        "precision": 0.5986779981114259,
        "recall": 0.6371859296482412,
        "f1": 0.617332035053554,
        "auc_roc": 0.7336660175267771,
        "support": 995
      },
      "Portero": {
        "precision": 0.9668292682926829,
        "recall": 0.9959798994974874,
        "f1": 0.9811881188118812,
        "auc_roc": 0.9155940594059406,
        "support": 995
      }
    }
  },
  "error_analysis": {
    "top_confusions": [
      {
        "true_class": "Pivote",
        "predicted_class": "Defensa_Central",
        "count": 214,
        "percentage": 21.50753768844221
      },
      {
        "true_class": "Defensa_Central",
        "predicted_class": "Pivote",
        "count": 204,
        "percentage": 20.502512562814072
      },
      {
        "true_class": "Lateral",
        "predicted_class": "Defensa_Central",
        "count": 163,
        "percentage": 16.381909547738694
      },
      {
        "true_class": "Mediocentro",
        "predicted_class": "Pivote",
        "count": 162,
        "percentage": 16.281407035175878
      },
      {
        "true_class": "Defensa_Central",
        "predicted_class": "Lateral",
        "count": 159,
        "percentage": 15.979899497487438
      },
      {
        "true_class": "Extremo",
        "predicted_class": "Lateral",
        "count": 158,
        "percentage": 15.879396984924623
      },
      {
        "true_class": "Extremo",
        "predicted_class": "Delantero",
        "count": 112,
        "percentage": 11.256281407035177
      },
      {
        "true_class": "Extremo",
        "predicted_class": "Mediocentro",
        "count": 89,
        "percentage": 8.944723618090453
      },
      {
        "true_class": "Pivote",
        "predicted_class": "Lateral",
        "count": 88,
        "percentage": 8.84422110552764
      },
      {
        "true_class": "Mediocentro",
        "predicted_class": "Extremo",
        "count": 73,
        "percentage": 7.3366834170854265
      }
    ],
    "low_confidence": {
      "count": 1131,
      "percentage": 16.238334529791818,
      "avg_max_proba": 0.52
    },
    "errors_by_class": {
      "Defensa_Central": {
        "total": 995,
        "errors": 375,
        "error_rate": 0.3768844221105528,
        "avg_confidence": 0.8746231155778894
      },
      "Delantero": {
        "total": 995,
        "errors": 126,
        "error_rate": 0.12663316582914572,
        "avg_confidence": 0.9246733668341709
      },
      "Extremo": {
        "total": 995,
        "errors": 385,
        "error_rate": 0.3869346733668342,
        "avg_confidence": 0.8726130653266332
      },
      "Lateral": {
        "total": 995,
        "errors": 264,
        "error_rate": 0.26532663316582916,
        "avg_confidence": 0.8969346733668342
      },
      "Mediocentro": {
        "total": 995,
        "errors": 370,
        "error_rate": 0.37185929648241206,
        "avg_confidence": 0.8756281407035176
      },
      "Pivote": {
        "total": 995,
        "errors": 361,
        "error_rate": 0.3628140703517588,
        "avg_confidence": 0.8774371859296483
      },
      "Portero": {
        "total": 995,
        "errors": 4,
        "error_rate": 0.004020100502512563,
        "avg_confidence": 0.9491959798994976
      }
    },
    "confusion_matrix": [
      [
        620,
        0,
        1,
        159,
        8,
        204,
        3
      ],
      [
        0,
        869,
        66,
        0,
        52,
        5,
        3
      ],
      [
        12,
        112,
        610,
        158,
        89,
        7,
        7
      ],
      [
        163,
        0,
        18,
        731,
        25,
        46,
        12
      ],
      [
        27,
        71,
        73,
        32,
        625,
        162,
        5
      ],
      [
        214,
        0,
        2,
        88,
        53,
        634,
        4
      ],
      [
        1,
        0,
        2,
        0,
        0,
        1,
        991
      ]
    ]
  },
  "feature_importance": [
    {
      "feature": "reactions",
      "importance": 0.0423,
      "std": 0.0031
    },
    {
      "feature": "ball_control",
      "importance": 0.0389,
      "std": 0.0028
    },
    {
      "feature": "dribbling",
      "importance": 0.0356,
      "std": 0.0026
    },
    {
      "feature": "short_passing",
      "importance": 0.0334,
      "std": 0.0024
    },
    {
      "feature": "marking",
      "importance": 0.0312,
      "std": 0.0023
    },
    {
      "feature": "standing_tackle",
      "importance": 0.0298,
      "std": 0.0022
    },
    {
      "feature": "positioning",
      "importance": 0.0276,
      "std": 0.002
    },
    {
      "feature": "finishing",
      "importance": 0.0254,
      "std": 0.0019
    },
    {
      "feature": "long_passing",
      "importance": 0.0243,
      "std": 0.0018
    },
    {
      "feature": "interceptions",
      "importance": 0.0231,
      "std": 0.0017
    },
    {
      "feature": "acceleration",
      "importance": 0.022,
      "std": 0.0032999999999999995
    },
    {
      "feature": "sprint_speed",
      "importance": 0.02024,
      "std": 0.003036
    },
    {
      "feature": "stamina",
      "importance": 0.018620800000000003,
      "std": 0.0027931200000000005
    },
    {
      "feature": "strength",
      "importance": 0.017131136000000005,
      "std": 0.0025696704000000006
    },
    {
      "feature": "shot_power",
      "importance": 0.015760645120000007,
      "std": 0.002364096768000001
    }
  ],
  "activation_stats": [
    {
      "layer": "Layer 1",
      "shape": [
        8944,
        256
      ],
      "mean": 1.987,
      "std": 3.156,
      "min": 0.0,
      "max": 16.543,
      "dead_neurons": 11,
      "dead_percentage": 4.3,
      "sparsity": 32.1
    },
    {
      "layer": "Layer 2",
      "shape": [
        8944,
        128
      ],
      "mean": 1.734,
      "std": 2.876,
      "min": 0.0,
      "max": 14.234,
      "dead_neurons": 5,